file,bytes,language,purpose,referenced_by,publicly_linked,membership_dependent
assets/files/2.-MfN-Mediationreglement (2).pdf,647145,Dutch,MfN code/regulations (linked from certificeringen.html),NOT USED,no,yes — presented alongside MfN registermediator claim (undated membership)
assets/files/2021-06-05 Scheiden/Hoe te gebruiken.txt,1531,Dutch (marketing pack),"NMv social-media pack (supplied, not published)",NOT USED,no,
assets/files/2021-06-05 Scheiden/scheiden-fb.jpg,402851,Dutch (marketing pack),"NMv social-media pack (supplied, not published)",NOT USED,no,
assets/files/2021-06-05 Scheiden/scheiden-instagram.jpg,360816,Dutch (marketing pack),"NMv social-media pack (supplied, not published)",NOT USED,no,
assets/files/2021-06-05 Scheiden/scheiden-twitter.jpg,336696,Dutch (marketing pack),"NMv social-media pack (supplied, not published)",NOT USED,no,
assets/files/3.-Gedragsregels-MfN-registermediator (1).pdf,648459,Dutch,MfN code/regulations (linked from certificeringen.html),NOT USED,no,yes — presented alongside MfN registermediator claim (undated membership)
assets/files/DE-2.-MfN-Mediationsordnung-jan2026.pdf,676669,German,MfN code/regulations (linked from certificeringen.html),certificeringen.html,yes,yes — presented alongside MfN registermediator claim (undated membership)
assets/files/EN.-Complaints-procedure-2026.pdf,143628,,PDF document,klachten.html,yes,
assets/files/EN.-Explanation-complaints-procedure-2026.pdf,131092,,PDF document,klachten.html,yes,
assets/files/FR-2.-Reglement-Mediation-MfN-jan2026.pdf,653988,French,MfN code/regulations (linked from certificeringen.html),certificeringen.html,yes,yes — presented alongside MfN registermediator claim (undated membership)
assets/files/FR-3.-Regles-de-conduite-pour-les-mediateurs-agrees-MfN-jan2026.pdf,667759,French,MfN code/regulations (linked from certificeringen.html),certificeringen.html,yes,yes — presented alongside MfN registermediator claim (undated membership)
assets/files/Klachtenregeling-2026.pdf,149571,Dutch,Complaints procedure document (linked from klachten.html),klachten.html,yes,
assets/files/NMv SoMe pakket - Keer je elkaar de rug toe/Hoe te gebruiken.txt,1055,Dutch (marketing pack),"NMv social-media pack (supplied, not published)",NOT USED,no,
assets/files/NMv SoMe pakket - Keer je elkaar de rug toe/facebook.jpg,643973,Dutch (marketing pack),"NMv social-media pack (supplied, not published)",NOT USED,no,
assets/files/NMv SoMe pakket - Keer je elkaar de rug toe/linkedin.jpg,476103,Dutch (marketing pack),"NMv social-media pack (supplied, not published)",NOT USED,no,
assets/files/NMv SoMe pakket - Keer je elkaar de rug toe/twitter.jpg,476646,Dutch (marketing pack),"NMv social-media pack (supplied, not published)",NOT USED,no,
assets/files/NMv SoMe pakket - Praatplaat 5 stappen - 202106/Hoe te gebruiken.txt,859,Dutch (marketing pack),"NMv social-media pack (supplied, not published)",NOT USED,no,
assets/files/NMv SoMe pakket - Praatplaat 5 stappen - 202106/NMv Praatplaat Los in 5 stappen je ruzie op.jpg,860853,Dutch (marketing pack),"NMv social-media pack (supplied, not published)",NOT USED,no,
assets/files/Toelichting-Klachtenregeling-2026.pdf,127905,Dutch,Complaints procedure document (linked from klachten.html),klachten.html,yes,
assets/files/UK-2.-MfN-Mediation-Regulations-jan2026.pdf,646617,English (UK),MfN code/regulations (linked from certificeringen.html),certificeringen.html,yes,yes — presented alongside MfN registermediator claim (undated membership)
assets/files/Voor leden/CMYK (Drukwerk)/Logo NMv - Basis - Diapositief - 300ppi cmyk.eps,890106,Dutch (marketing pack),"NMv member logo package (supplied, not published)",NOT USED,no,
assets/files/Voor leden/CMYK (Drukwerk)/Logo NMv - Basis - Full colour - 300ppi cmyk.eps,1225349,Dutch (marketing pack),"NMv member logo package (supplied, not published)",NOT USED,no,
assets/files/Voor leden/CMYK (Drukwerk)/Logo NMv - Basis - Grijstinten - 300ppi cmyk.eps,528554,Dutch (marketing pack),"NMv member logo package (supplied, not published)",NOT USED,no,
assets/files/Voor leden/CMYK (Drukwerk)/Logo NMv - Basis met slogan - Diapositief - 300ppi cmyk.eps,1079239,Dutch (marketing pack),"NMv member logo package (supplied, not published)",NOT USED,no,
assets/files/Voor leden/CMYK (Drukwerk)/Logo NMv - Basis met slogan - Full colour - 300ppi cmyk.eps,1797495,Dutch (marketing pack),"NMv member logo package (supplied, not published)",NOT USED,no,
assets/files/Voor leden/CMYK (Drukwerk)/Logo NMv - Basis met slogan - Grijstinten - 300ppi cmyk.eps,640263,Dutch (marketing pack),"NMv member logo package (supplied, not published)",NOT USED,no,
assets/files/Voor leden/RGB (Scherm)/JPG (Witte achtergrond)/Logo NMv - Basis - Full Colour - 72ppi rgb.jpg,159177,Dutch (marketing pack),"NMv member logo package (supplied, not published)",NOT USED,no,
assets/files/Voor leden/RGB (Scherm)/JPG (Witte achtergrond)/Logo NMv - Basis - Grijstinten - 72ppi rgb.jpg,90445,Dutch (marketing pack),"NMv member logo package (supplied, not published)",NOT USED,no,
assets/files/Voor leden/RGB (Scherm)/JPG (Witte achtergrond)/Logo NMv - Basis met slogan - Full Colour - 72ppi rgb.jpg,222968,Dutch (marketing pack),"NMv member logo package (supplied, not published)",NOT USED,no,
assets/files/Voor leden/RGB (Scherm)/JPG (Witte achtergrond)/Logo NMv - Basis met slogan - Grijstinten - 72ppi rgb.jpg,127946,Dutch (marketing pack),"NMv member logo package (supplied, not published)",NOT USED,no,
assets/files/Voor leden/RGB (Scherm)/PNG (Transparante achtergrond)/Logo NMv - Basis - Diapositief - 72ppi rgb.png,19668,Dutch (marketing pack),"NMv member logo package (supplied, not published)",NOT USED,no,
assets/files/Voor leden/RGB (Scherm)/PNG (Transparante achtergrond)/Logo NMv - Basis - Full Colour - 72ppi rgb.png,93811,Dutch (marketing pack),"NMv member logo package (supplied, not published)",NOT USED,no,
assets/files/Voor leden/RGB (Scherm)/PNG (Transparante achtergrond)/Logo NMv - Basis - Grijstinten - 72ppi rgb.png,58220,Dutch (marketing pack),"NMv member logo package (supplied, not published)",NOT USED,no,
assets/files/Voor leden/RGB (Scherm)/PNG (Transparante achtergrond)/Logo NMv - Basis met slogan - Diapositief - 72ppi rgb.png,27793,Dutch (marketing pack),"NMv member logo package (supplied, not published)",NOT USED,no,
assets/files/Voor leden/RGB (Scherm)/PNG (Transparante achtergrond)/Logo NMv - Basis met slogan - Full Colour - 72ppi rgb.png,108026,Dutch (marketing pack),"NMv member logo package (supplied, not published)",NOT USED,no,
assets/files/Voor leden/RGB (Scherm)/PNG (Transparante achtergrond)/Logo NMv - Basis met slogan - Grijstinten - 72ppi rgb.png,84514,Dutch (marketing pack),"NMv member logo package (supplied, not published)",NOT USED,no,
assets/img/MfN_Registermediator72.jpg,53907,,Site image,certificeringen.html,yes,yes — presented alongside MfN registermediator claim (undated membership)
assets/img/favicon.ico,5246,,Site image,betalen.html; certificeringen.html; contact.html; index.html; juridisch-advies.html; klachten.html; kosten.html; persoonlijke-juridische-vraag.html; privacy.html; wie-ben-ik.html; zakelijke-juridische-vraag.html; zoeken.html,yes,
assets/img/favicon.svg,739,,Site image,NOT USED,no,
assets/img/hilda-van-der-tuin.png,93631,,Site image,index.html; wie-ben-ik.html,yes,
assets/img/logo.png,26558,,Site image,betalen.html; certificeringen.html; contact.html; index.html; juridisch-advies.html; klachten.html; kosten.html; persoonlijke-juridische-vraag.html; privacy.html; wie-ben-ik.html; zakelijke-juridische-vraag.html; zoeken.html,yes,
assets/img/og-image.png,751735,,Site image,betalen.html; certificeringen.html; contact.html; index.html; juridisch-advies.html; klachten.html; kosten.html; persoonlijke-juridische-vraag.html; privacy.html; wie-ben-ik.html; zakelijke-juridische-vraag.html; zoeken.html,yes,
assets/img/og-image.svg,3079,,Site image,NOT USED,no,
assets/img/schermafbeelding-2017-08-25_med_hr.png,26478,,Site image,NOT USED,no,