source_page,link_text,target,kind,http_status,note
/index.html,Ga naar de inhoud,/index.html#page-content,internal,200,anchor #page-content resolves
/index.html,Legally blonde sinds 1996,/index.html,internal,200,
/index.html,U wenst?,/index.html,internal,200,
/index.html,Wie ben ik?,/wie-ben-ik.html,internal,200,
/index.html,Kernkwaliteiten,/juridisch-advies.html,internal,200,
/index.html,Kosten,/kosten.html,internal,200,
/index.html,Zoeken,/zoeken.html,internal,200,
/index.html,Klachten?,/klachten.html,internal,200,
/index.html,Contact!,/contact.html,internal,200,
/index.html,Ik ben hier vanwege een persoonlijke vraag,/persoonlijke-juridische-vraag.html,internal,200,
/index.html,Ik ben hier vanwege een zakelijke vraag,/zakelijke-juridische-vraag.html,internal,200,
/index.html,goede mediator,/juridisch-advies.html#echtscheidingen-mediation,internal,200,anchor #echtscheidingen-mediation resolves
/index.html,testament,/juridisch-advies.html#testamenten,internal,200,anchor #testamenten resolves
/index.html,scheiden,/juridisch-advies.html#echtscheidingen-mediation,internal,200,anchor #echtscheidingen-mediation resolves
/index.html,internationaal testament,/juridisch-advies.html#testamenten,internal,200,anchor #testamenten resolves
/index.html,kost,/kosten.html,internal,200,
/index.html,wie,/wie-ben-ik.html,internal,200,
/index.html,contact,/contact.html,internal,200,
/index.html,GDPR,/juridisch-advies.html#privacy-gdpr,internal,200,anchor #privacy-gdpr resolves
/index.html,grond aankopen,/juridisch-advies.html#onroerend-goed-grondzaken,internal,200,anchor #onroerend-goed-grondzaken resolves
/index.html,gemeente,/juridisch-advies.html#onroerend-goed-grondzaken,internal,200,anchor #onroerend-goed-grondzaken resolves
/index.html,conflict,/juridisch-advies.html#conflicten-interim-management,internal,200,anchor #conflicten-interim-management resolves
/index.html,kost.,/kosten.html,internal,200,
/index.html,Bekijk alle persoonlijke vragen,/persoonlijke-juridische-vraag.html,internal,200,
/index.html,Bekijk alle zakelijke vragen,/zakelijke-juridische-vraag.html,internal,200,
/index.html,Mijn certificeringen,/certificeringen.html,internal,200,
/index.html,Lees alles over de kosten,/kosten.html,internal,200,
/index.html,Akkoord? Neem contact op,/contact.html,internal,200,
/index.html,privacy,/privacy.html,internal,200,
/index.html,,/index.html,internal,200,
/index.html,Persoonlijke vraag,/persoonlijke-juridische-vraag.html,internal,200,
/index.html,Zakelijke vraag,/zakelijke-juridische-vraag.html,internal,200,
/index.html,Het werkkantoor…,/contact.html#kantoor,internal,200,anchor #kantoor resolves
/index.html,BETALEN,/betalen.html,internal,200,
/index.html,Certificeringen,/certificeringen.html,internal,200,
/index.html,Privacy policy,/privacy.html,internal,200,
/index.html,[Back To Top],/index.html#top,internal,200,anchor #top resolves
/index.html,in,https://www.linkedin.com/in/huisjurist/,external,200,"verified with curl, 2026-10-03"
/index.html,📅,mailto:info@huisjurist.nl,mailto,n/a (opens mail client),
/index.html,@,mailto:info@huisjurist.nl,mailto,n/a (opens mail client),
/index.html,via e-mail,mailto:info@huisjurist.nl,mailto,n/a (opens mail client),
/index.html,Afspraak maken,mailto:info@huisjurist.nl,mailto,n/a (opens mail client),
/index.html,via LinkedIn,https://www.linkedin.com/in/huisjurist/,external,200,"verified with curl, 2026-10-03"
/wie-ben-ik.html,Ga naar de inhoud,/wie-ben-ik.html#page-content,internal,200,anchor #page-content resolves
/wie-ben-ik.html,Legally blonde sinds 1996,/index.html,internal,200,
/wie-ben-ik.html,U wenst?,/index.html,internal,200,
/wie-ben-ik.html,Wie ben ik?,/wie-ben-ik.html,internal,200,
/wie-ben-ik.html,Kernkwaliteiten,/juridisch-advies.html,internal,200,
/wie-ben-ik.html,Kosten,/kosten.html,internal,200,
/wie-ben-ik.html,Zoeken,/zoeken.html,internal,200,
/wie-ben-ik.html,Klachten?,/klachten.html,internal,200,
/wie-ben-ik.html,Contact!,/contact.html,internal,200,
/wie-ben-ik.html,huisjurist,/index.html,internal,200,
/wie-ben-ik.html,Hoe u mij kunt bereiken,/contact.html,internal,200,
/wie-ben-ik.html,Mijn certificeringen,/certificeringen.html,internal,200,
/wie-ben-ik.html,Wat kost het?,/kosten.html,internal,200,
/wie-ben-ik.html,Mijn kernkwaliteiten,/juridisch-advies.html,internal,200,
/wie-ben-ik.html,Het werkkantoor van Huisjurist B.V.…,/contact.html#kantoor,internal,200,anchor #kantoor resolves
/wie-ben-ik.html,Neem contact op,/contact.html,internal,200,
/wie-ben-ik.html,Ik wil nu contact opnemen,/contact.html,internal,200,
/wie-ben-ik.html,Ik wil graag weten wat het kost,/kosten.html,internal,200,
/wie-ben-ik.html,,/index.html,internal,200,
/wie-ben-ik.html,Persoonlijke vraag,/persoonlijke-juridische-vraag.html,internal,200,
/wie-ben-ik.html,Zakelijke vraag,/zakelijke-juridische-vraag.html,internal,200,
/wie-ben-ik.html,Afspraak maken,/contact.html,internal,200,
/wie-ben-ik.html,Het werkkantoor…,/contact.html#kantoor,internal,200,anchor #kantoor resolves
/wie-ben-ik.html,BETALEN,/betalen.html,internal,200,
/wie-ben-ik.html,Certificeringen,/certificeringen.html,internal,200,
/wie-ben-ik.html,Privacy policy,/privacy.html,internal,200,
/wie-ben-ik.html,[Back To Top],/wie-ben-ik.html#top,internal,200,anchor #top resolves
/wie-ben-ik.html,Mijn cv via LinkedIn,https://www.linkedin.com/in/huisjurist/,external,200,"verified with curl, 2026-10-03"
/wie-ben-ik.html,in,https://www.linkedin.com/in/huisjurist/,external,200,"verified with curl, 2026-10-03"
/wie-ben-ik.html,@,mailto:info@huisjurist.nl,mailto,n/a (opens mail client),
/wie-ben-ik.html,via e-mail,mailto:info@huisjurist.nl,mailto,n/a (opens mail client),
/wie-ben-ik.html,via LinkedIn,https://www.linkedin.com/in/huisjurist/,external,200,"verified with curl, 2026-10-03"
/juridisch-advies.html,Ga naar de inhoud,/juridisch-advies.html#page-content,internal,200,anchor #page-content resolves
/juridisch-advies.html,Legally blonde sinds 1996,/index.html,internal,200,
/juridisch-advies.html,U wenst?,/index.html,internal,200,
/juridisch-advies.html,Wie ben ik?,/wie-ben-ik.html,internal,200,
/juridisch-advies.html,Kernkwaliteiten,/juridisch-advies.html,internal,200,
/juridisch-advies.html,Kosten,/kosten.html,internal,200,
/juridisch-advies.html,Zoeken,/zoeken.html,internal,200,
/juridisch-advies.html,Klachten?,/klachten.html,internal,200,
/juridisch-advies.html,Contact!,/contact.html,internal,200,
/juridisch-advies.html,huisjurist,/index.html,internal,200,
/juridisch-advies.html,Staat uw interesse erbij?,/contact.html,internal,200,
/juridisch-advies.html,Alle kosten,/kosten.html,internal,200,
/juridisch-advies.html,Ik wil nu contact opnemen,/contact.html,internal,200,
/juridisch-advies.html,Persoonlijke vragen,/persoonlijke-juridische-vraag.html,internal,200,
/juridisch-advies.html,Zakelijke vragen,/zakelijke-juridische-vraag.html,internal,200,
/juridisch-advies.html,,/index.html,internal,200,
/juridisch-advies.html,Persoonlijke vraag,/persoonlijke-juridische-vraag.html,internal,200,
/juridisch-advies.html,Zakelijke vraag,/zakelijke-juridische-vraag.html,internal,200,
/juridisch-advies.html,Afspraak maken,/contact.html,internal,200,
/juridisch-advies.html,Het werkkantoor…,/contact.html#kantoor,internal,200,anchor #kantoor resolves
/juridisch-advies.html,BETALEN,/betalen.html,internal,200,
/juridisch-advies.html,Certificeringen,/certificeringen.html,internal,200,
/juridisch-advies.html,Privacy policy,/privacy.html,internal,200,
/juridisch-advies.html,[Back To Top],/juridisch-advies.html#top,internal,200,anchor #top resolves
/juridisch-advies.html,in,https://www.linkedin.com/in/huisjurist/,external,200,"verified with curl, 2026-10-03"
/juridisch-advies.html,@,mailto:info@huisjurist.nl,mailto,n/a (opens mail client),
/juridisch-advies.html,via e-mail,mailto:info@huisjurist.nl,mailto,n/a (opens mail client),
/juridisch-advies.html,via LinkedIn,https://www.linkedin.com/in/huisjurist/,external,200,"verified with curl, 2026-10-03"
/kosten.html,Ga naar de inhoud,/kosten.html#page-content,internal,200,anchor #page-content resolves
/kosten.html,Legally blonde sinds 1996,/index.html,internal,200,
/kosten.html,U wenst?,/index.html,internal,200,
/kosten.html,Wie ben ik?,/wie-ben-ik.html,internal,200,
/kosten.html,Kernkwaliteiten,/juridisch-advies.html,internal,200,
/kosten.html,Kosten,/kosten.html,internal,200,
/kosten.html,Zoeken,/zoeken.html,internal,200,
/kosten.html,Klachten?,/klachten.html,internal,200,
/kosten.html,Contact!,/contact.html,internal,200,
/kosten.html,huisjurist,/index.html,internal,200,
/kosten.html,contact met mij op,/contact.html,internal,200,
/kosten.html,Neem contact op,/contact.html,internal,200,
/kosten.html,Betalen / bankgegevens,/betalen.html,internal,200,
/kosten.html,Budget bespreken,/contact.html,internal,200,
/kosten.html,betalen-pagina,/betalen.html,internal,200,
/kosten.html,,/index.html,internal,200,
/kosten.html,Persoonlijke vraag,/persoonlijke-juridische-vraag.html,internal,200,
/kosten.html,Zakelijke vraag,/zakelijke-juridische-vraag.html,internal,200,
/kosten.html,Afspraak maken,/contact.html,internal,200,
/kosten.html,Het werkkantoor…,/contact.html#kantoor,internal,200,anchor #kantoor resolves
/kosten.html,BETALEN,/betalen.html,internal,200,
/kosten.html,Certificeringen,/certificeringen.html,internal,200,
/kosten.html,Privacy policy,/privacy.html,internal,200,
/kosten.html,[Back To Top],/kosten.html#top,internal,200,anchor #top resolves
/kosten.html,in,https://www.linkedin.com/in/huisjurist/,external,200,"verified with curl, 2026-10-03"
/kosten.html,@,mailto:info@huisjurist.nl,mailto,n/a (opens mail client),
/kosten.html,via e-mail,mailto:info@huisjurist.nl,mailto,n/a (opens mail client),
/kosten.html,via LinkedIn,https://www.linkedin.com/in/huisjurist/,external,200,"verified with curl, 2026-10-03"
/contact.html,Ga naar de inhoud,/contact.html#page-content,internal,200,anchor #page-content resolves
/contact.html,Legally blonde sinds 1996,/index.html,internal,200,
/contact.html,U wenst?,/index.html,internal,200,
/contact.html,Wie ben ik?,/wie-ben-ik.html,internal,200,
/contact.html,Kernkwaliteiten,/juridisch-advies.html,internal,200,
/contact.html,Kosten,/kosten.html,internal,200,
/contact.html,Zoeken,/zoeken.html,internal,200,
/contact.html,Klachten?,/klachten.html,internal,200,
/contact.html,Contact!,/contact.html,internal,200,
/contact.html,huisjurist,/index.html,internal,200,
/contact.html,⚠️ Klachten? Een klacht? Mail naar klachten@huisjurist.nl — u krijgt heel snel een persoon,/klachten.html,internal,200,
/contact.html,,/index.html,internal,200,
/contact.html,Persoonlijke vraag,/persoonlijke-juridische-vraag.html,internal,200,
/contact.html,Zakelijke vraag,/zakelijke-juridische-vraag.html,internal,200,
/contact.html,Afspraak maken,/contact.html,internal,200,
/contact.html,Het werkkantoor…,/contact.html#kantoor,internal,200,anchor #kantoor resolves
/contact.html,BETALEN,/betalen.html,internal,200,
/contact.html,Certificeringen,/certificeringen.html,internal,200,
/contact.html,Privacy policy,/privacy.html,internal,200,
/contact.html,[Back To Top],/contact.html#top,internal,200,anchor #top resolves
/contact.html,✉️ via e-mail info@huisjurist.nl — het kanaal dat ik het liefst gebruik. Ik reageer bijna ,mailto:info@huisjurist.nl,mailto,n/a (opens mail client),
/contact.html,📅 Afspraak maken Mail uw voorkeur naar info@huisjurist.nl — dan plan ik een afspraak voor,mailto:info@huisjurist.nl?subject=Afspraak,mailto,n/a (opens mail client),
/contact.html,in via LinkedIn Voor mijn cv en zakelijke berichten. Stuur gerust een connectieverzoek.,https://www.linkedin.com/in/huisjurist/,external,200,"verified with curl, 2026-10-03"
/contact.html,"📍 via mijn kantoor Het werkkantoor van Huisjurist B.V. staat in Joure, twee minuten rijde",https://www.openstreetmap.org/#map=13/52.9256/5.8044,external,200,link to map provider homepage; not an embedded map
/contact.html,info@huisjurist.nl,mailto:info@huisjurist.nl,mailto,n/a (opens mail client),
/contact.html,in,https://www.linkedin.com/in/huisjurist/,external,200,"verified with curl, 2026-10-03"
/contact.html,@,mailto:info@huisjurist.nl,mailto,n/a (opens mail client),
/contact.html,via e-mail,mailto:info@huisjurist.nl,mailto,n/a (opens mail client),
/contact.html,via LinkedIn,https://www.linkedin.com/in/huisjurist/,external,200,"verified with curl, 2026-10-03"
/persoonlijke-juridische-vraag.html,Ga naar de inhoud,/persoonlijke-juridische-vraag.html#page-content,internal,200,anchor #page-content resolves
/persoonlijke-juridische-vraag.html,Legally blonde sinds 1996,/index.html,internal,200,
/persoonlijke-juridische-vraag.html,U wenst?,/index.html,internal,200,
/persoonlijke-juridische-vraag.html,Wie ben ik?,/wie-ben-ik.html,internal,200,
/persoonlijke-juridische-vraag.html,Kernkwaliteiten,/juridisch-advies.html,internal,200,
/persoonlijke-juridische-vraag.html,Kosten,/kosten.html,internal,200,
/persoonlijke-juridische-vraag.html,Zoeken,/zoeken.html,internal,200,
/persoonlijke-juridische-vraag.html,Klachten?,/klachten.html,internal,200,
/persoonlijke-juridische-vraag.html,Contact!,/contact.html,internal,200,
/persoonlijke-juridische-vraag.html,huisjurist,/index.html,internal,200,
/persoonlijke-juridische-vraag.html,Naar de mediator,/wie-ben-ik.html,internal,200,
/persoonlijke-juridische-vraag.html,Naar testamenten,/juridisch-advies.html,internal,200,
/persoonlijke-juridische-vraag.html,Naar scheiden,/wie-ben-ik.html,internal,200,
/persoonlijke-juridische-vraag.html,Naar internationaal testament,/juridisch-advies.html,internal,200,
/persoonlijke-juridische-vraag.html,Naar de kosten,/kosten.html,internal,200,
/persoonlijke-juridische-vraag.html,Naar wie ben ik,/wie-ben-ik.html,internal,200,
/persoonlijke-juridische-vraag.html,Naar contact,/contact.html,internal,200,
/persoonlijke-juridische-vraag.html,Stuur mij een e-mail,/contact.html,internal,200,
/persoonlijke-juridische-vraag.html,,/index.html,internal,200,
/persoonlijke-juridische-vraag.html,Persoonlijke vraag,/persoonlijke-juridische-vraag.html,internal,200,
/persoonlijke-juridische-vraag.html,Zakelijke vraag,/zakelijke-juridische-vraag.html,internal,200,
/persoonlijke-juridische-vraag.html,Afspraak maken,/contact.html,internal,200,
/persoonlijke-juridische-vraag.html,Het werkkantoor…,/contact.html#kantoor,internal,200,anchor #kantoor resolves
/persoonlijke-juridische-vraag.html,BETALEN,/betalen.html,internal,200,
/persoonlijke-juridische-vraag.html,Certificeringen,/certificeringen.html,internal,200,
/persoonlijke-juridische-vraag.html,Privacy policy,/privacy.html,internal,200,
/persoonlijke-juridische-vraag.html,[Back To Top],/persoonlijke-juridische-vraag.html#top,internal,200,anchor #top resolves
/persoonlijke-juridische-vraag.html,in,https://www.linkedin.com/in/huisjurist/,external,200,"verified with curl, 2026-10-03"
/persoonlijke-juridische-vraag.html,@,mailto:info@huisjurist.nl,mailto,n/a (opens mail client),
/persoonlijke-juridische-vraag.html,via e-mail,mailto:info@huisjurist.nl,mailto,n/a (opens mail client),
/persoonlijke-juridische-vraag.html,via LinkedIn,https://www.linkedin.com/in/huisjurist/,external,200,"verified with curl, 2026-10-03"
/zakelijke-juridische-vraag.html,Ga naar de inhoud,/zakelijke-juridische-vraag.html#page-content,internal,200,anchor #page-content resolves
/zakelijke-juridische-vraag.html,Legally blonde sinds 1996,/index.html,internal,200,
/zakelijke-juridische-vraag.html,U wenst?,/index.html,internal,200,
/zakelijke-juridische-vraag.html,Wie ben ik?,/wie-ben-ik.html,internal,200,
/zakelijke-juridische-vraag.html,Kernkwaliteiten,/juridisch-advies.html,internal,200,
/zakelijke-juridische-vraag.html,Kosten,/kosten.html,internal,200,
/zakelijke-juridische-vraag.html,Zoeken,/zoeken.html,internal,200,
/zakelijke-juridische-vraag.html,Klachten?,/klachten.html,internal,200,
/zakelijke-juridische-vraag.html,Contact!,/contact.html,internal,200,
/zakelijke-juridische-vraag.html,huisjurist,/index.html,internal,200,
/zakelijke-juridische-vraag.html,Naar privacy/GDPR,/juridisch-advies.html,internal,200,
/zakelijke-juridische-vraag.html,Naar grondzaken,/juridisch-advies.html,internal,200,
/zakelijke-juridische-vraag.html,Naar gemeentegrond,/juridisch-advies.html,internal,200,
/zakelijke-juridische-vraag.html,Naar conflictbemiddeling,/juridisch-advies.html#conflicten-interim-management,internal,200,anchor #conflicten-interim-management resolves
/zakelijke-juridische-vraag.html,Naar de kosten,/kosten.html,internal,200,
/zakelijke-juridische-vraag.html,Naar wie ben ik,/wie-ben-ik.html,internal,200,
/zakelijke-juridische-vraag.html,Naar contact,/contact.html,internal,200,
/zakelijke-juridische-vraag.html,ureninschatting,/kosten.html,internal,200,
/zakelijke-juridische-vraag.html,,/index.html,internal,200,
/zakelijke-juridische-vraag.html,Persoonlijke vraag,/persoonlijke-juridische-vraag.html,internal,200,
/zakelijke-juridische-vraag.html,Zakelijke vraag,/zakelijke-juridische-vraag.html,internal,200,
/zakelijke-juridische-vraag.html,Afspraak maken,/contact.html,internal,200,
/zakelijke-juridische-vraag.html,Het werkkantoor…,/contact.html#kantoor,internal,200,anchor #kantoor resolves
/zakelijke-juridische-vraag.html,BETALEN,/betalen.html,internal,200,
/zakelijke-juridische-vraag.html,Certificeringen,/certificeringen.html,internal,200,
/zakelijke-juridische-vraag.html,Privacy policy,/privacy.html,internal,200,
/zakelijke-juridische-vraag.html,[Back To Top],/zakelijke-juridische-vraag.html#top,internal,200,anchor #top resolves
/zakelijke-juridische-vraag.html,in,https://www.linkedin.com/in/huisjurist/,external,200,"verified with curl, 2026-10-03"
/zakelijke-juridische-vraag.html,@,mailto:info@huisjurist.nl,mailto,n/a (opens mail client),
/zakelijke-juridische-vraag.html,via e-mail,mailto:info@huisjurist.nl,mailto,n/a (opens mail client),
/zakelijke-juridische-vraag.html,via LinkedIn,https://www.linkedin.com/in/huisjurist/,external,200,"verified with curl, 2026-10-03"
/certificeringen.html,Ga naar de inhoud,/certificeringen.html#page-content,internal,200,anchor #page-content resolves
/certificeringen.html,Legally blonde sinds 1996,/index.html,internal,200,
/certificeringen.html,U wenst?,/index.html,internal,200,
/certificeringen.html,Wie ben ik?,/wie-ben-ik.html,internal,200,
/certificeringen.html,Kernkwaliteiten,/juridisch-advies.html,internal,200,
/certificeringen.html,Kosten,/kosten.html,internal,200,
/certificeringen.html,Zoeken,/zoeken.html,internal,200,
/certificeringen.html,Klachten?,/klachten.html,internal,200,
/certificeringen.html,Contact!,/contact.html,internal,200,
/certificeringen.html,huisjurist,/index.html,internal,200,
/certificeringen.html,Neem dan contact op met mij.,/contact.html,internal,200,
/certificeringen.html,MfN Mediationreglement,/assets/files/2.-MfN-Mediationreglement%20%282%29.pdf,internal,200,asset
/certificeringen.html,MfN Mediationsordnung,/assets/files/DE-2.-MfN-Mediationsordnung-jan2026.pdf,internal,200,asset
/certificeringen.html,Règlement de médiation MfN,/assets/files/FR-2.-Reglement-Mediation-MfN-jan2026.pdf,internal,200,asset
/certificeringen.html,MfN Mediation Regulations,/assets/files/UK-2.-MfN-Mediation-Regulations-jan2026.pdf,internal,200,asset
/certificeringen.html,Gedragsregels MfN registermediator,/assets/files/3.-Gedragsregels-MfN-registermediator%20%281%29.pdf,internal,200,asset
/certificeringen.html,Règles de conduite pour les médiateurs agréés MfN,/assets/files/FR-3.-Regles-de-conduite-pour-les-mediateurs-agrees-MfN-jan2026.pdf,internal,200,asset
/certificeringen.html,Neem contact op,/contact.html,internal,200,
/certificeringen.html,,/index.html,internal,200,
/certificeringen.html,Persoonlijke vraag,/persoonlijke-juridische-vraag.html,internal,200,
/certificeringen.html,Zakelijke vraag,/zakelijke-juridische-vraag.html,internal,200,
/certificeringen.html,Afspraak maken,/contact.html,internal,200,
/certificeringen.html,Het werkkantoor…,/contact.html#kantoor,internal,200,anchor #kantoor resolves
/certificeringen.html,BETALEN,/betalen.html,internal,200,
/certificeringen.html,Certificeringen,/certificeringen.html,internal,200,
/certificeringen.html,Privacy policy,/privacy.html,internal,200,
/certificeringen.html,[Back To Top],/certificeringen.html#top,internal,200,anchor #top resolves
/certificeringen.html,in,https://www.linkedin.com/in/huisjurist/,external,200,"verified with curl, 2026-10-03"
/certificeringen.html,@,mailto:info@huisjurist.nl,mailto,n/a (opens mail client),
/certificeringen.html,via e-mail,mailto:info@huisjurist.nl,mailto,n/a (opens mail client),
/certificeringen.html,via LinkedIn,https://www.linkedin.com/in/huisjurist/,external,200,"verified with curl, 2026-10-03"
/klachten.html,Ga naar de inhoud,/klachten.html#page-content,internal,200,anchor #page-content resolves
/klachten.html,Legally blonde sinds 1996,/index.html,internal,200,
/klachten.html,U wenst?,/index.html,internal,200,
/klachten.html,Wie ben ik?,/wie-ben-ik.html,internal,200,
/klachten.html,Kernkwaliteiten,/juridisch-advies.html,internal,200,
/klachten.html,Kosten,/kosten.html,internal,200,
/klachten.html,Zoeken,/zoeken.html,internal,200,
/klachten.html,Klachten?,/klachten.html,internal,200,
/klachten.html,Contact!,/contact.html,internal,200,
/klachten.html,huisjurist,/index.html,internal,200,
/klachten.html,normale contactformulier,/contact.html,internal,200,
/klachten.html,Klachtenregeling 2026,/assets/files/Klachtenregeling-2026.pdf,internal,200,asset
/klachten.html,Toelichting op de klachtenregeling,/assets/files/Toelichting-Klachtenregeling-2026.pdf,internal,200,asset
/klachten.html,Complaints procedure 2026,/assets/files/EN.-Complaints-procedure-2026.pdf,internal,200,asset
/klachten.html,Explanation — complaints procedure,/assets/files/EN.-Explanation-complaints-procedure-2026.pdf,internal,200,asset
/klachten.html,,/index.html,internal,200,
/klachten.html,Persoonlijke vraag,/persoonlijke-juridische-vraag.html,internal,200,
/klachten.html,Zakelijke vraag,/zakelijke-juridische-vraag.html,internal,200,
/klachten.html,Afspraak maken,/contact.html,internal,200,
/klachten.html,Het werkkantoor…,/contact.html#kantoor,internal,200,anchor #kantoor resolves
/klachten.html,BETALEN,/betalen.html,internal,200,
/klachten.html,Certificeringen,/certificeringen.html,internal,200,
/klachten.html,Privacy policy,/privacy.html,internal,200,
/klachten.html,[Back To Top],/klachten.html#top,internal,200,anchor #top resolves
/klachten.html,klachten@huisjurist.nl,mailto:klachten@huisjurist.nl,mailto,n/a (opens mail client),
/klachten.html,info@huisjurist.nl,mailto:info@huisjurist.nl,mailto,n/a (opens mail client),
/klachten.html,Klacht melden,mailto:klachten@huisjurist.nl?subject=Klacht,mailto,n/a (opens mail client),
/klachten.html,in,https://www.linkedin.com/in/huisjurist/,external,200,"verified with curl, 2026-10-03"
/klachten.html,@,mailto:info@huisjurist.nl,mailto,n/a (opens mail client),
/klachten.html,via e-mail,mailto:info@huisjurist.nl,mailto,n/a (opens mail client),
/klachten.html,via LinkedIn,https://www.linkedin.com/in/huisjurist/,external,200,"verified with curl, 2026-10-03"
/betalen.html,Ga naar de inhoud,/betalen.html#page-content,internal,200,anchor #page-content resolves
/betalen.html,Legally blonde sinds 1996,/index.html,internal,200,
/betalen.html,U wenst?,/index.html,internal,200,
/betalen.html,Wie ben ik?,/wie-ben-ik.html,internal,200,
/betalen.html,Kernkwaliteiten,/juridisch-advies.html,internal,200,
/betalen.html,Kosten,/kosten.html,internal,200,
/betalen.html,Zoeken,/zoeken.html,internal,200,
/betalen.html,Klachten?,/klachten.html,internal,200,
/betalen.html,Contact!,/contact.html,internal,200,
/betalen.html,huisjurist,/index.html,internal,200,
/betalen.html,Neem contact op voor de mogelijkheden,/contact.html,internal,200,
/betalen.html,Bekijk het uurtarief van € 250 exclusief BTW,/kosten.html,internal,200,
/betalen.html,Ik wil betalen,/contact.html,internal,200,
/betalen.html,,/index.html,internal,200,
/betalen.html,Persoonlijke vraag,/persoonlijke-juridische-vraag.html,internal,200,
/betalen.html,Zakelijke vraag,/zakelijke-juridische-vraag.html,internal,200,
/betalen.html,Afspraak maken,/contact.html,internal,200,
/betalen.html,Het werkkantoor…,/contact.html#kantoor,internal,200,anchor #kantoor resolves
/betalen.html,BETALEN,/betalen.html,internal,200,
/betalen.html,Certificeringen,/certificeringen.html,internal,200,
/betalen.html,Privacy policy,/privacy.html,internal,200,
/betalen.html,[Back To Top],/betalen.html#top,internal,200,anchor #top resolves
/betalen.html,Vraag factuurgegevens op via e-mail,mailto:info@huisjurist.nl,mailto,n/a (opens mail client),
/betalen.html,in,https://www.linkedin.com/in/huisjurist/,external,200,"verified with curl, 2026-10-03"
/betalen.html,@,mailto:info@huisjurist.nl,mailto,n/a (opens mail client),
/betalen.html,via e-mail,mailto:info@huisjurist.nl,mailto,n/a (opens mail client),
/betalen.html,via LinkedIn,https://www.linkedin.com/in/huisjurist/,external,200,"verified with curl, 2026-10-03"
/privacy.html,Ga naar de inhoud,/privacy.html#page-content,internal,200,anchor #page-content resolves
/privacy.html,Legally blonde sinds 1996,/index.html,internal,200,
/privacy.html,U wenst?,/index.html,internal,200,
/privacy.html,Wie ben ik?,/wie-ben-ik.html,internal,200,
/privacy.html,Kernkwaliteiten,/juridisch-advies.html,internal,200,
/privacy.html,Kosten,/kosten.html,internal,200,
/privacy.html,Zoeken,/zoeken.html,internal,200,
/privacy.html,Klachten?,/klachten.html,internal,200,
/privacy.html,Contact!,/contact.html,internal,200,
/privacy.html,huisjurist,/index.html,internal,200,
/privacy.html,,/index.html,internal,200,
/privacy.html,Persoonlijke vraag,/persoonlijke-juridische-vraag.html,internal,200,
/privacy.html,Zakelijke vraag,/zakelijke-juridische-vraag.html,internal,200,
/privacy.html,Afspraak maken,/contact.html,internal,200,
/privacy.html,Het werkkantoor…,/contact.html#kantoor,internal,200,anchor #kantoor resolves
/privacy.html,BETALEN,/betalen.html,internal,200,
/privacy.html,Certificeringen,/certificeringen.html,internal,200,
/privacy.html,Privacy policy,/privacy.html,internal,200,
/privacy.html,[Back To Top],/privacy.html#top,internal,200,anchor #top resolves
/privacy.html,e-mail,mailto:info@huisjurist.nl,mailto,n/a (opens mail client),
/privacy.html,Vraag mijn gegevens op,mailto:info@huisjurist.nl?subject=Privacy%20verzoek,mailto,n/a (opens mail client),
/privacy.html,in,https://www.linkedin.com/in/huisjurist/,external,200,"verified with curl, 2026-10-03"
/privacy.html,@,mailto:info@huisjurist.nl,mailto,n/a (opens mail client),
/privacy.html,via e-mail,mailto:info@huisjurist.nl,mailto,n/a (opens mail client),
/privacy.html,via LinkedIn,https://www.linkedin.com/in/huisjurist/,external,200,"verified with curl, 2026-10-03"
/zoeken.html,Ga naar de inhoud,/zoeken.html#page-content,internal,200,anchor #page-content resolves
/zoeken.html,Legally blonde sinds 1996,/index.html,internal,200,
/zoeken.html,U wenst?,/index.html,internal,200,
/zoeken.html,Wie ben ik?,/wie-ben-ik.html,internal,200,
/zoeken.html,Kernkwaliteiten,/juridisch-advies.html,internal,200,
/zoeken.html,Kosten,/kosten.html,internal,200,
/zoeken.html,Zoeken,/zoeken.html,internal,200,
/zoeken.html,Klachten?,/klachten.html,internal,200,
/zoeken.html,Contact!,/contact.html,internal,200,
/zoeken.html,huisjurist,/index.html,internal,200,
/zoeken.html,Neem contact op,/contact.html,internal,200,
/zoeken.html,Persoonlijke vragen,/persoonlijke-juridische-vraag.html,internal,200,
/zoeken.html,Zakelijke vragen,/zakelijke-juridische-vraag.html,internal,200,
/zoeken.html,Contact,/contact.html,internal,200,
/zoeken.html,,/index.html,internal,200,
/zoeken.html,Persoonlijke vraag,/persoonlijke-juridische-vraag.html,internal,200,
/zoeken.html,Zakelijke vraag,/zakelijke-juridische-vraag.html,internal,200,
/zoeken.html,Afspraak maken,/contact.html,internal,200,
/zoeken.html,Het werkkantoor…,/contact.html#kantoor,internal,200,anchor #kantoor resolves
/zoeken.html,BETALEN,/betalen.html,internal,200,
/zoeken.html,Certificeringen,/certificeringen.html,internal,200,
/zoeken.html,Privacy policy,/privacy.html,internal,200,
/zoeken.html,[Back To Top],/zoeken.html#top,internal,200,anchor #top resolves
/zoeken.html,in,https://www.linkedin.com/in/huisjurist/,external,200,"verified with curl, 2026-10-03"
/zoeken.html,@,mailto:info@huisjurist.nl,mailto,n/a (opens mail client),
/zoeken.html,via e-mail,mailto:info@huisjurist.nl,mailto,n/a (opens mail client),
/zoeken.html,via LinkedIn,https://www.linkedin.com/in/huisjurist/,external,200,"verified with curl, 2026-10-03"
/,Ga naar de inhoud,/#page-content,internal,200,anchor #page-content resolves
/,Legally blonde sinds 1996,/index.html,internal,200,
/,U wenst?,/index.html,internal,200,
/,Wie ben ik?,/wie-ben-ik.html,internal,200,
/,Kernkwaliteiten,/juridisch-advies.html,internal,200,
/,Kosten,/kosten.html,internal,200,
/,Zoeken,/zoeken.html,internal,200,
/,Klachten?,/klachten.html,internal,200,
/,Contact!,/contact.html,internal,200,
/,Ik ben hier vanwege een persoonlijke vraag,/persoonlijke-juridische-vraag.html,internal,200,
/,Ik ben hier vanwege een zakelijke vraag,/zakelijke-juridische-vraag.html,internal,200,
/,goede mediator,/juridisch-advies.html#echtscheidingen-mediation,internal,200,anchor #echtscheidingen-mediation resolves
/,testament,/juridisch-advies.html#testamenten,internal,200,anchor #testamenten resolves
/,scheiden,/juridisch-advies.html#echtscheidingen-mediation,internal,200,anchor #echtscheidingen-mediation resolves
/,internationaal testament,/juridisch-advies.html#testamenten,internal,200,anchor #testamenten resolves
/,kost,/kosten.html,internal,200,
/,wie,/wie-ben-ik.html,internal,200,
/,contact,/contact.html,internal,200,
/,GDPR,/juridisch-advies.html#privacy-gdpr,internal,200,anchor #privacy-gdpr resolves
/,grond aankopen,/juridisch-advies.html#onroerend-goed-grondzaken,internal,200,anchor #onroerend-goed-grondzaken resolves
/,gemeente,/juridisch-advies.html#onroerend-goed-grondzaken,internal,200,anchor #onroerend-goed-grondzaken resolves
/,conflict,/juridisch-advies.html#conflicten-interim-management,internal,200,anchor #conflicten-interim-management resolves
/,kost.,/kosten.html,internal,200,
/,Bekijk alle persoonlijke vragen,/persoonlijke-juridische-vraag.html,internal,200,
/,Bekijk alle zakelijke vragen,/zakelijke-juridische-vraag.html,internal,200,
/,Mijn certificeringen,/certificeringen.html,internal,200,
/,Lees alles over de kosten,/kosten.html,internal,200,
/,Akkoord? Neem contact op,/contact.html,internal,200,
/,privacy,/privacy.html,internal,200,
/,,/index.html,internal,200,
/,Persoonlijke vraag,/persoonlijke-juridische-vraag.html,internal,200,
/,Zakelijke vraag,/zakelijke-juridische-vraag.html,internal,200,
/,Het werkkantoor…,/contact.html#kantoor,internal,200,anchor #kantoor resolves
/,BETALEN,/betalen.html,internal,200,
/,Certificeringen,/certificeringen.html,internal,200,
/,Privacy policy,/privacy.html,internal,200,
/,[Back To Top],/#top,internal,200,anchor #top resolves
/,in,https://www.linkedin.com/in/huisjurist/,external,200,"verified with curl, 2026-10-03"
/,📅,mailto:info@huisjurist.nl,mailto,n/a (opens mail client),
/,@,mailto:info@huisjurist.nl,mailto,n/a (opens mail client),
/,via e-mail,mailto:info@huisjurist.nl,mailto,n/a (opens mail client),
/,Afspraak maken,mailto:info@huisjurist.nl,mailto,n/a (opens mail client),
/,via LinkedIn,https://www.linkedin.com/in/huisjurist/,external,200,"verified with curl, 2026-10-03"