url,local_status,vercel_status,production_status,title,meta_desc_length,canonical,robots,og_url,h1,lang,in_sitemap,in_search_index,jsonld_blocks,forms,images
/,200,200,200,Uw huisjurist voor uw zakelijke en persoonlijke vragen.,167,https://www.huisjurist.nl/index.html,"index, follow, max-image-preview:large, max-snippet:-1",https://www.huisjurist.nl/index.html,Uw huisjurist voor uw zakelijke en persoonlijke vragen.,nl,no,no,2,1,5
/betalen.html,200,200,absent on production,bankgegevens van Huisjurist B.V. | huisjurist,112,https://www.huisjurist.nl/betalen.html,"index, follow, max-image-preview:large",https://www.huisjurist.nl/betalen.html,"Betalen? Dat kan, graag zelfs.",nl,yes,yes,1,0,2
/certificeringen.html,200,200,absent on production,Certificeringen | huisjurist,109,https://www.huisjurist.nl/certificeringen.html,"index, follow, max-image-preview:large",https://www.huisjurist.nl/certificeringen.html,Certificeringen,nl,yes,yes,1,0,3
/contact.html,200,200,absent on production,Hoe u mij kunt bereiken (in volgorde van mijn voorkeur) | huisjurist,113,https://www.huisjurist.nl/contact.html,"index, follow, max-image-preview:large",https://www.huisjurist.nl/contact.html,Hoe u mij kunt bereiken,nl,yes,yes,2,1,2
/index.html,200,200,200,Uw huisjurist voor uw zakelijke en persoonlijke vragen.,167,https://www.huisjurist.nl/index.html,"index, follow, max-image-preview:large, max-snippet:-1",https://www.huisjurist.nl/index.html,Uw huisjurist voor uw zakelijke en persoonlijke vragen.,nl,yes,yes,2,1,5
/juridisch-advies.html,200,200,absent on production,Kernkwaliteiten | huisjurist | Juridisch advies,154,https://www.huisjurist.nl/juridisch-advies.html,"index, follow, max-image-preview:large",https://www.huisjurist.nl/juridisch-advies.html,Kernkwaliteiten,nl,yes,yes,2,0,2
/klachten.html,200,200,200,Klachten? | huisjurist,139,https://www.huisjurist.nl/klachten.html,"index, follow, max-image-preview:large",https://www.huisjurist.nl/klachten.html,Klachten?,nl,yes,yes,1,0,2
/kosten.html,200,200,200,Wat kost het? | huisjurist,149,https://www.huisjurist.nl/kosten.html,"index, follow, max-image-preview:large",https://www.huisjurist.nl/kosten.html,Wat kost het?,nl,yes,yes,2,0,2
/persoonlijke-juridische-vraag.html,200,200,absent on production,Dit is mijn juridische vraag — persoonlijk | huisjurist,144,https://www.huisjurist.nl/persoonlijke-juridische-vraag.html,"index, follow, max-image-preview:large",https://www.huisjurist.nl/persoonlijke-juridische-vraag.html,Ik ben hier vanwege een persoonlijke reden,nl,yes,yes,1,0,2
/privacy.html,200,200,absent on production,Privacy policy | huisjurist | Huisjurist B.V.,131,https://www.huisjurist.nl/privacy.html,"index, follow, max-image-preview:large",https://www.huisjurist.nl/privacy.html,Privacy policy,nl,yes,yes,2,0,2
/wie-ben-ik.html,200,200,absent on production,Wie ben ik? | huisjurist,180,https://www.huisjurist.nl/wie-ben-ik.html,"index, follow, max-image-preview:large",https://www.huisjurist.nl/wie-ben-ik.html,Wie ben ik?,nl,yes,yes,2,0,3
/zakelijke-juridische-vraag.html,200,200,absent on production,Mijn zakelijke probleem: | huisjurist,125,https://www.huisjurist.nl/zakelijke-juridische-vraag.html,"index, follow, max-image-preview:large",https://www.huisjurist.nl/zakelijke-juridische-vraag.html,Mijn zakelijke probleem:,nl,yes,yes,1,0,2
/zoeken.html,200,200,absent on production,Zoeken in deze site | huisjurist,80,https://www.huisjurist.nl/zoeken.html,"noindex, follow",https://www.huisjurist.nl/zoeken.html,Zoeken,nl,yes,yes,0,1,2